Hostname;Uptime;Max CPU;Avg CPU;Type;Version;Mem Usage;Serial Number (Processor board ID);System returned;System restarted;System image file;Last reload reason;NXOS image file;Last reset;Last reset reason
ADRJKDSW02; 14 weeks, 7 hours, 16  minutes;9 ;10; WS-C3560G-24PS (PowerPC405) ; 12.2(25)SEE3, ;=Cant find mem usage cat3850/Cant find mem total cat3850*100;FOC1130Y3TJ;System returned to ROM by power-on;System restarted at 18:15:25 GMT Thu Apr 7 2022;System image file is "flash:c3560-ipbase-mz.122-25.SEE3/c3560-ipbase-mz.122-25.SEE3.bin";Last reload reason: Cant find last reload;NXOS Only;NXOS Only;NXOS Only
IDN_1610_RT_1; 3 years, 28 weeks, 18 hours, 20  minutes;2;<10%; ISR4321/K9 (1RU) ; 16.6.3, ;= 280508928 /1839179616 *100;FDO2252A1A0;System returned to ROM by PowerOn;System restarted at 17:07:44 IDST Fri Aug 16 2019;System image file is "bootflash:isr4300-universalk9.16.06.03.SPA.bin";Last reload reason:  PowerOn;NXOS Only;NXOS Only;NXOS Only
IDN_1612_RT_1; 10 weeks, 3 days, 1 hour, 11  minutes;10;<10%; ISR4321/K9 (1RU) ; 16.6.4, ;= 292894208 /1839103008 *100;FDO2307A1DV;System returned to ROM by PowerOn;System restarted (PT=17303).;System image file is "bootflash:isr4300-universalk9.16.06.04.SPA.bin";Last reload reason:  PowerOn;NXOS Only;NXOS Only;NXOS Only
IDN_CNT_BB_1; 5 years, 27 weeks, 18 hours, 22  minutes;22;10; WS-C3850-48T (MIPS) ; 03.06.06E ;=1681468/3931592*100;FOC2047X03Z;System returned to ROM by reload;System restarted at 16:29:10 WIB Wed Aug 23 2017;System image file is "flash:packages.conf";Last reload reason:  Reload command;NXOS Only;NXOS Only;NXOS Only
IDN_CNT_BB_2; 5 years, 27 weeks, 18 hours, 7  minutes;12;<10%; WS-C3850-48T (MIPS) ; 03.06.06E ;=1643764/3931592*100;FCW2113F10Y;System returned to ROM by reload;System restarted at 16:45:30 IDST Wed Aug 23 2017;System image file is "flash:packages.conf";Last reload reason:  Reload command;NXOS Only;NXOS Only;NXOS Only
IDN_CNT_RT_1; 3 years, 47 weeks, 19  minutes;3;<10%; ISR4431/K9 (1RU) ; 16.6.4, ;= 295547352 /1839103008 *100;FGL23083037;System returned to ROM by PowerOn;System restarted at 10:09:25 IDST Sat Apr 6 2019;System image file is "bootflash:isr4400-universalk9.16.06.04.SPA.bin";Last reload reason:  PowerOn;NXOS Only;NXOS Only;NXOS Only
